VERB,PERSON,NORP,FAC,ORG,GPE,LOC,PRODUCT,EVENT,LAW,DATE,TIME,MONEY
"['intercept', 'say', 'hope', 'cook']",['bush'],['arabic'],[],['becklow rd'],"['london', 'paris', 'texas']",[],[],[],[],['march 2003'],[],[]
"['intercept', 'say', 'stay']",[],['arabic'],[],[],"['amsterdam', 'montreal', 'canada', 'chicago']",[],[],[],[],['25 april 2003'],[],[]
"['intercept', 'call', 'originate', 'say', 'let', 'know', 'make']",['cabrito'],[],[],[],"['paris', 'ojinaga mexico']",[],[],[],[],[],[],[]
"['record', 'belong', 'bill', 'give', 'read', 'need', 'send', 'fail', 'have']",['rder3'],[],[],"['aol', 'marrakech', 'windsor ontario canada', 'tecumseh rd']",['morocco'],[],[],[],[],"['15 july', '1 august 2003']",[],[]
"['intercept', 'identify', 'locate', 'speak', 'say', 'meet', 'let', 'know', 'come']",['bugarov'],"['russian', 'arabic']",[],[],"['moscow', 'pakistan', 'casablanca']",[],[],[],[],"['3 september 2003', '22 october']",[],[]
"['intercept', 'name', 'say', 'remember', 'go', 'offer', 'accept']","['omar hanif', 'muslih odeh']",[],[],"['apple st', 'grenfel ave']","['nassau', 'karachi']",[],[],[],[],"['5 september 2003', '1789', 'last march']",[],[]
"['intercept', 'say', 'help', 'sell', 'receive', 'go', 'reply', 'let', 'know']",[],[],[],['panamico ave'],"['karachi', 'pakistan', 'panama city', 'panama']",[],[],[],[],[],[],[]
"['intercept', 'use', 'supply', 'list', 'belong', 'begin', 'say', 'see', 'do', 'receive', 'bring']",['casablanca morocco'],[],[],['the holland orange shipping lines'],"['pakistan', 'peshawar', 'casablanca']",[],[],[],[],"['25 september', 'a few days', 'the 20th']",[],[]
"['intercept', 'originate', 'list', 'receive', 'announce', 'let', 'know', 'go']","['casablanca morocco', 'san martin']",['arabic'],[],"['the holland orange shipping lines', 'santo domingo']","['santo', 'casablanca']",[],[],[],[],['23 october 2003'],[],[]
"['intercept', 'call', 'receive', 'say', 'meet', 'have', 'expect']",[],['french'],['ferry st'],"['windsor ontario canada', 'tecumseh rd']","['paris', 'france']",[],[],[],[],"['15 december 2003', 'the 28th']",[],[]
"['intercept', 'use', 'supply', 'say', 'go', 'tell', 'receive', 's', 'let', 'handle']","['st havana', 'boris bugarov']",['russian'],[],['plasencia'],"['pakistan', 'havana cuba', 'peshawar']",[],[],[],[],['the end of the month'],[],[]
"['intercept', 'use', 'say', 'expect', 'let', 'go', 'hear', 'reply', 'know', 'send', 'cover']","['calamar columbia', 'cabrito hotelin', 'jose', 'carlos']",[],[],['the los palmas hotel'],"['ojinaga mexico', 'calamar']",[],[],[],[],[],[],[]
"['intercept', 'tampico', 'originate', 'begin', 'say', 'hear', 'need', 'find', 'recommend', 'reply', 'give', 'try', 'provide', 'make', 'have', 'sound']","['bogota columbia', 'chetumal']",['arab'],[],['555 la mirada st'],"['tampico mexico', 'bogota', 'tampico']",[],[],[],[],[],[],[]
"['intercept', 'say', 'get', 'obtain', 'want', 'let', 'know', 'wish', 'deliver']",[],['russian'],[],[],"['russia', 'moscow', 'pakistan']",[],[],[],[],['5 september 2004'],[],[]
"['intercept', 'tampico', 'say', 'have', 'understand', 'mean']",[],[],[],['pharsi'],"['tehran iran', 'tampico mexico', 'tehran', 'tampico']",[],[],[],[],['12 september 2004'],[],[]
"['intercept', 'originate', 'list', 'morale', 'say', 'call', 'tell', 'have', 'know', 'give', 'name', 'get', 'hear', 'go', 'guess', 'suppose']","['jose escalante', 'san martin', 'carlos morales', 'carlos', 'arze']","['spanish', 'arab']",[],['santo domingo'],"['havana cuba', 'santo', 'havana', 'desague st', 'columbia']",[],[],[],[],"['28 september 2004', '65', 'november 21st']",[],[]
"['intercept', 'tampico', 'originate', 'say', 'arrive', 'make', 'tell', 'avoid', 'go', 'believe', 'catch', 'send', 'look']","['bogota columbia', 'rinaldo', 'carlos', 'cuidad acuna']",['spanish'],[],['555 la mirada st'],"['tampico mexico', 'bogota', 'tampico', 'piedras']",[],[],[],[],['the tenth of this month'],[],[]
"['intercept', 'use', 'supply', 'say', 'have', 'hear', 'give', 'worry']",['st havana'],['russian'],[],['plasencia'],"['pakistan', 'havana cuba', 'peshawar']",[],[],[],[],['november 21st'],[],[]
"['intercept', 'tampico', 'originate', 'identify', 'name', 'say', 'use', 'happen', 'arrive', 'make', 'work', 'hear']","['riyad', 'jose ramirez']","['saudi', 'spanish']",[],['555 la mirada st'],"['bogota columbia', 'tampico mexico', 'bogota', 'tampico']",[],[],[],[],"['15 november 2004', 'a few weeks ago', 'two days ago']",[],[]
"['intercept', 'use', 'supply', 'list', 'say', 'arrive', 'receive', 'see', 'get', 'require']",[],['arabic'],[],[],"['pakistan', 'havana cuba', 'peshawar', 'nassau', 'bahamas']",[],[],[],[],['21 november 2004'],[],[]
"['intercept', 'originate', 'say', 'talk', 'tell', 'make', 'get', 'receive', 'worry', 'know', 'suppose', 'do']",['cuidad acuna mexico'],[],['112 ave zaragoza'],[],"['bogota columbia', 'bogota', 'ciudad']",[],[],[],[],['28 november 2004'],[],[]
"['intercept', 'originate', 'receive', 'say', 'think', 'come', 'see', 'go', 'do', 'sell', 'suppose', 'tell', 'wonder', 'use', 'meet', 'buy']","['pyotr', 'boris']","['cuban', 'russian', 'arab', 'american', 'israelis']",[],[],"['havana cuba', 'moscow', 'russia', 'havana', 'casablanca', 'iraq']",['the middle east'],[],[],[],"['28 november 2004', 'january']",[],[]
"['concern', 'issue', 'name', 'see', 'report', 'leave', 'travel', 'arrive', 'say', 'attend', 'list', 'belong', 'operate', 'hear', 'use', 'rent', 'return', 'discover', 'abandon']","['zinedine alias', 'abu hafs', 'patrick oalley oalley', 'mehdi rafiki']","['moroccan', 'zinedine', 'french', 'irish']",[],"['cia', 'montreal canada', 'mehdi rafiki', 'walden ave']","['paris', 'montreal', 'buffalo ny']",[],[],[],[],"['2 april 2003', '17 april 2003the', '1 april 2003', '6 april 2003']",[],[]
"['arrest', 'follow', 'find', 'give', 'contain']","['riyad yasser', 'omar mahmoud othman']",[],['the m4 motorway'],"['the baker st mosque', 'ave camden']","['uk', 'london yasser', 'london', 'bedfont london', 'canada', 'nassau', 'bahamas', 'st', 'miami beach', 'nj', 'apple st']","['circle east', '11th street']",[],[],[],"['1 may 2003', 'the past six years']",[],[]
"['regard', 'visit', 'say', 'hear', 'name', 'ask', 'know', 'reply', 'establish', 'appear', 'take', 'indicate', 'hold', 'receive']","['abu somad', 'omar evertts', 'somad']",['islamic'],[],"['cia', 'bafaba', 'flaxton st culver city', 'riduan sungkar', 'the calnational bank', 'bmi']","['culver city', 'newark', 'nj']",['buckthorn st inglewood'],[],[],[],['29 june 2003'],[],[]
"['use', 'rent', 'return', 'find', 'abandon', 'issue', 'give', 'pay']","['abu hafs', 'mehdi rafiki rafiki']",['french'],['ohare airport'],['drexel'],"['illinois', 'chicago', 'houston texas']",[],[],[],[],"['27 september 2003', '2 october 2003', '27 april']",[],[]
"['identify', 'surface', 'find', 'examine', 'match', 'use', 'charge', 'give', 'guarantee', 'name', 'pay', 'write', 'hold', 'reveal', 'close', 'abandon', 'address']","['rifai qasim', 'omar blakely']",['egyptian'],[],"['hezbollah', 'rifai qasim', 'muhammed mustafa bank', 'the first emirate bank', 'dubai uae', 'mustafa']","['charlotte nc', 'charlotte']",[],[],[],[],"['1 october 2003', 'the 2000', '23 october 2003']",[],[]
"['regard', 'say', 'come', 'see', 'respond', 'report', 'land', 'use', 'reveal', 'leave', 'associate', 'know', 'have', 'occupy', 'raid', 'act', 'find', 'confiscate', 'hold', 'refuse', 'list', 'call']","['jamal al quso', 'abdul murad', 'arabic jamal', 'khalid', 'jamal al qusos']",['british'],"['mi 5', 'ohare airport', 'sears tower']","['cia', 'islamic jihad', '2211 cermak rd', 'fbi']","['london', 'chicago', 'murad', 'texas']",[],['quso'],[],[],"['1999', '16 may 2003', 'july 18 1999', '28 september 2003', 'tomorrow']",[],[]
"['report', 'pose', 'travel', 'have', 'ask', 'answer', 'identify', 'know', 'associate', 'name', 'carry', 'appear']","['fr augustin', 'dominique', 'al hawsawi', 'abdul ahmed nasser', 'hawsawi']","['dominican', 'french', 'saudi']",[],"['cdg paris', 'rue cardinet paris']","['toronto', 'afghanistan']",[],[],[],[],['1 november 2003'],[],[]
"['arrest', 'attempt', 'board', 'use', 'want', 'believe', 'enter', 'register', 'show', 'issue', 'name', 'teach', 'exist', 'write', 'm']","['mousa salah of no', 'shadi abu hoshar salah', 'mousa', 'april stevens', 'stevens']",['jordanian'],[],"['hamas fundraising', 'salah', 'windsor canada', 'roanoke va ms', 'roanoke', 'h newark iii m']","['herndon va', 'london', 'virginia', 'detroit']",[],[],[],[],"['1 november 2003', '2002', '10 august 2001']",[],[]
"['live', 'work', 'hold', 'fall', 'attend', 'develop', 'invite', 'say', 'see', 'reveal', 'have', 'include', 'report', 'elaborate']","['khalid shamrani', 'shamrani', 'zioni']","['saudi', 'aryan', 'islamic']",[],"['al qaeda', 'the texeast petroleum co shamrani', 'fbi']","['usa', 'houston', 'texas', 'denton', 'us', 'chicago']",[],[],[],[],"['april 2000', '12 march 2003', '16 june 2003', 'the next year']",[],[]
"['register', 'have', 'issue', 'charge', 'file', 'say', 'suffer', 'strike', 'drive', 'investigate', 'handle', 'state', 'know', 'pay', 'reveal', 'search', 'discover', 'live', 'take', 'contain', 'examine', 'seem', 'involve', 'attract', 'send', 'identify', 'read', 'request', 'belong', 'continue', 'regard', 'ayyash']","['ahmed doha', 'abu ayyash', 'doha', 'ayyash', 'wali shakur']",['saudi'],[],"['the university of missouri', 'doha', 'ayyash dohas insurance company', 'central farmers insurance company', 'dell', 'jihad', 'aol', 'paulson ave', 'hamas', 'al qaeda', 'columbia mo']",['clifton nj'],[],[],[],[],"['july 2001', '10 october 2003', '12 september 2003', '1 november 2003', '231 12th st in columbia', '20 november 2003', '3 november 2003', 'today']",[],[]
"['search', 'have', 'm', 'discover', 'know', 'identify', 'interview', 'follow', 'clear', 'be', 'reveal', 'convict', 'incarcerate', 'hold', 'obtain', 'live', 'attract', 'accord', 'call', 'attend', 'support']","['adnan hijazi hijazi', 'md mzoudi', 'icna']","['moroccan', 'islamic']",[],"['fbi', '91101', 'laurel md with initials m m', 'martha mason', 'baltimore city college', 'taliban']","['detroit', 'newark nj', 'laurel', 'md eight', 'newark', 'baltimore']",['north america'],[],[],[],"['21 january 2002', '1994', '2116 27th st', 'june 20 to july 2 2000']",[],[]
"['direct', 'say', 'manufacture', 'intend', 'blow', 'obtain', 'search', 'provide', 'find', 'pick', 'pose', 'trace', 'produce', 'give', 'proceed', 'enter', 'apprehend', 'reveal', 'come']","['walter smith', 'jamal al quso']",[],[],"['troost ave', 'fbi', 'cyclotrimethylene trinitramine rdx', 'argosy riverside', 'harrahs']","['kansas', 'missouri', 'kansas city', 'chicago']",[],[],[],[],['22 december 2003'],[],[]
"['arrest', 'wear', 'apprehend', 'flee', 'identify', 'live', 'have', 'forge', 'produce', 'say', 'enter', 'come', 'speak', 'reveal', 'belong', 'amount', 'be', 'concern', 'rent', 'name', 'cause', 'pay', 'tell', 'discover', 'write', 'give']","['riyad al taifi', 'ruth tucker']",[],[],"['presidio texas', 'the university of texas']","['arlington', 'texas', 'mexico', 'columbia', 'dallas']",['central america'],[],[],[],"['26 december 2003', 'three months', '231 12th st']",[],[]
"['base', 'note', 'send', 'interview', 'give', 'obtain', 'bear', 'attend', 'drop', 'study', 'return', 'show', 'receive', 'ask', 'refer', 'reply', 'shakur', 'know', 'say', 'loan', 'request', 'address', 'die', 'remain']","['wali shakur', 'ahmed doha', 'abu ayyash', 'doha', 'ayyash', 'doha shakur', 'shakur']",['american'],[],"['fbi', 'paulson ave clifton nj', 'the american university', 'the university of missouri']","['new brunswick nj', 'pakistan', 'beirut', 'lebanon']",[],[],[],[],"['november 2003', '1970', '1965', 'two years', '1990', '1993', '3 november 2003', '2001', '2 january 2004']",[],[]
"['provide', 'photograph', 'distribute', 'write', 'know', 'frequent', 'describe', 'illustrate', 'become', 'call', 'prevent', 'single']","['jamal al', 'al shibhs']","['yemeni', 'islamic', 'muslims']",['the tawhid mosque'],['the university of miami campus'],"['miami florida', 'america', 'miami']",[],[],[],[],"['the past ten years', '2 february 2004']",[],[]
"['update', 'check', 'reveal', 'make']",['adnan hijazi'],[],[],[],"['madrid', 'spain', 'cairo', 'egypt', 'paris', 'france']",[],[],[],[],"['the last three months', '1  5 december 2003', '21', '24 december 2003', '18 january 2004']",[],[]
"['regard', 'observe', 'distribute', 'accompany', 'identify', 'be']","['jamal al', 'muhammed dandani']",[],[],['the university of miami campus'],['miami beach'],[],[],[],[],[],[],[]
"['regard', 'make', 'be', 'have', 'live', 'know', 'employ', 'work', 'hold', 'give', 'bear', 'continue']","['abdul al', 'livernois rd']","['american', 'saudi']",[],"['dia', 'fbi', 'fenkell ave resident', 'detroit utilities co', 'westfields']",['detroit'],[],[],[],[],"['seven years', 'ten years', '1969']",[],[]
"['regard', 'apprehend', 'see', 'come', 'want', 'air', 'escape', 'go', 'know', 'collaborate', 'follow', 'take', 'guane', 'travel', 'smuggle', 'supply', 'say', 'remember', 'reveal', 'associate']","['riyad al taifi', 'calamar', 'cartagena', 'billy jack hawkins', 'slade goodman']","['jewish', 'islamic', 'aryan']",[],"['fbi', 'chetumal', 'pipeline rd', 'euless texas', '899 almedagenoa rd']","['arlington texas', 'buenos', 'argentina', 'calamar columbia', 'columbia', 'cuba', 'guane cuba', 'chetumal mexico', 'mexico city', 'texas', 'us', 'ft stockton', 'san antonio', 'dallas', 'houston']",[],[],[],[],"['26 december 2003', '2 january 2004', 'january of 2001', 'april of 2002', 'may 2002', 'january 2003']",[],[]
"['work', 'see', 'come', 'attend', 'earn', 'grant', 'co', 'apply', 'say', 'have', 'increase', 'take', 'visit']","['abdul al', 'al']",[],[],"['the detroit utilities co', 'fbi', 'the university of michigan']","['saudi arabia', 'ann arbor', 'detroit', 'riyadh']",[],[],[],[],"['8 march 2004', '1994', 'an ma 1996', '1997', '1999', 'april of 2000', 'january 2001']",[],[]
"['receive', 'reside', 'bear', 'come', 'become', 'attend', 'obtain', 'travel', 'suspect', 'train', 'return', 'leave', 'work', 'know', 'draw', 'belong', 'name']",['imad'],"['islamic', 'british']",['mi 6'],['al qaeda'],"['nassau', 'bahamas', 'syria', 'uk', 'afghanistan', 'tampa fl']",['the gulf shores bank'],[],[],[],"['1964', '1994', '1998', '1999  2000', 'march of 2000', 'june of 2000']",[],[]
"['receive', 'regard', 'list', 'see', 'accord', 'send', 'tell', 'arrest', 'carry', 'license', 'give', 'live', 'make', 'reveal', 'occupy', 'identify', 'call', 'construct', 'find', 'ask', 'say', 'go', 'travel', 'leave']","['raeed beandali', 'beandali', 'reginald cooper', 'cooper', 'lavender grove', 'ralph bean', 'mahmud aldahab', 'al dahab', 'ralph']","['american', 'british', 'egyptian']",['mi 5'],"['al qaeda', 'cia', 'lavender grove hackney']","['afghanistan', 'london', 'mi 5', 'detroit']",[],[],[],[],"['15 feb 2003', '12 december 2002', '10 february 2004', 'about 15 years', '16 march 2004']",[],[]
"['forfeit', 'guarantee', 'see', 'fail', 'locate', 'turn', 'close', 'flee', 'bear', 'find', 'abandon', 'overlook', 'list', 'reside', 'act', 'obtain', 'place', 'say', 'let', 'know', 'play', 'take', 'get', 'receive', 'hope', 'go', 'occupy', 'move', 'evict', 'pay']","['omar blakely', 'muhammed mustafa', 'abdul al', 'rifai', 'howard clark', 'clark']",['qasim'],['hayes ave'],"['rifai qasim alias', 'fbi', 'tqe732', 'toyota', 'dia']","['charlotte', 'detroit']",[],['tercel'],[],[],"['25 october 2003', 'four weeks', '23 october 2003', '1997', '15 december 2003', 'march 2004', '15 may 2004', '20 may 2004', 'just a few days earlier', 'two months']",[],[]
"['take', 'stay', 'attend', 'make']","['adnan hijazi', 'luxor']",[],['the catalan hotel'],['overseas exports inc'],"['madrid', 'cairo', 'paris', 'france']",[],[],[],[],"['between 2  5 december 2003', 'between 22  24 december 2003', 'between 13  18 january 2004']",[],[]
"['attend', 'report', 'record', 'see', 'identify', 'name', 'give', 'take', 'involve', 'place', 'discuss', 'express', 'compromise']","['khalid shamrani', 'billy jack hawkins', 'slade goodman', 'hafs', 'shamrani', 'walter smith', 'al quso']",['aryan'],['the westerner motel'],['fbi'],"['texas', 'houston', 'kansas']",['the houston area'],[],[],[],"['20 november 2003', 'halfs', 'at least several months']",[],[]
"['concern', 'apprehend', 'see', 'speak', 'refuse', 'answer', 'ask', 'represent', 'fingerprint', 'hold', 'reveal', 'write', 'name', 'address', 'say', 'go', 'continue']","['springs tx', 'abdul nasser', 'ali alomari']",[],[],['fbi'],['carrizo'],[],[],[],[],"['3 august 2004', '11 august 2004']",[],[]
"['concern', 'continue', 'make', 'total']","['adnan hijazi', 'hijazi']",[],[],['the jersey national bank'],['newark nj'],[],[],[],[],"['the period 20 august', '18 september 2004', '47980']",[],[]
"['request', 'live', 'send', 'note', 'report', 'obtain', 'associate', 'appear', 'receive', 'polish', 'sell', 'specify', 'admit', 'transfer', 'agree', 'cooperate', 'list', 'tanzanite', 'name', 'run', 'say', 'ask']","['pieter dopple', 'adnan hijazi', 'hijazi', 'ramundo ortiz']","['belgian', 'islamic']",[],"['fbi', 'dopple']","['antwerp belgium', 'panama city', 'panama', 'peshawar', 'pakistan']",['africa'],[],[],[],"['1 september', '12 july 2004', '25 september']",[],[]
"['manage', 'perform', 'include', 'control', 'maintain', 'access', 'associate']",[],[],[],[],['scada'],[],[],[],[],[],[],[]
"['continue', 'reveal', 'send', 'call', 'locate']",['adnan hijazi'],[],[],"['the american islamic scholarship fund', 'reston va']",[],[],[],[],[],['14 september 2004'],[],[]
"['act', 'begin', 'know', 'involve', 'design', 'disrupt', 'address', 'request', 'follow', 'go', 'find', 'reveal', 'advise']","['ronald derwish 811 tecumseh rd', 'ontario abdul al', 'raeed beandali', 'ralph bean']",[],[],"['fbi', 'fenkell ave', 'detroit utilities co', 'detroit utilities']","['detroit', 'scada', 'al namis', 'canada']",[],[],[],[],"['11 october 2004', 'weeks', '20 october 2004']",[],[]
"['advise', 'see', 'contact', 'go', 'texeast', 'employ', 'say', 'request', 'return', 'die', 'place', 'reveal', 'name', 'leave']","['khalid shamrani', 'shamrani']",['aryan'],[],[],"['texas', 'saudi arabia']",[],[],[],[],"['nearly a month', '18 september 2004', 'months', 'the past month']",[],[]
"['reveal', 'say', 'tell', 'need', 'remember', 'use', 'remove']",[],[],[],['storeall rental'],"['texas', 'houston']",[],['rentall'],[],[],"['4618', '15 october 2004', 'the next day']",[],[]
"['report', 'approach', 'say', 'agree', 'accompany', 'deny', 'have', 'see', 'show', 'know', 'attend', 'reveal', 'hold', 'continue']","['ronald derwish 811 tecumseh rd', 'abdul', 'abdul al', 'ali']",[],['mosque'],"['windsor ontario', 'canada eastern airlines', 'derwish', 'marrakech', 'nsa', 'dia']","['morocco', 'detroit']",[],['courtapproved'],[],[],"['25 october', '1 july 2003', '5 march 2004', '18 july 2004']",[],[]
"['go', 'locate', 'interview', 'name', 'lead', 'describe', 'deserve', 'assist', 'begin', 'ask', 'receive', 'make', 'check', 'verify', 'hesitate', 'say', 'identify', 'happen', 'stipulate', 'follow', 'send', 'contribute']","['abdul karim karim', 'adnan hijazi', 'hijazi karim', 'hijazi', 'wali shakur', 'al midhar', 'md mamoun', 'potomac md', 'khadr 6132', 'muhammed dandani']",['islamic'],['ny mounir'],"['the american islamic scholarship fund located', 'reston va', 'karim', 'paulson ave clifton nj', 'pitkin ave', 'zammar 1621 charles ave']","['brooklyn', 'miami beach']",[],[],[],[],"['29 october 2004', '1991', '14 september 2004', '1641', '17 september 2004', '1999', '2001']",[],[]
"['request', 'arrive', 'ask', 'say', 'attend', 'correspond', 'reply', 'do', 'meet', 'have', 'name', 'see', 'hear', 'involve', 'make', 'access', 'require', 'call', 'supply', 'receive', 'regard', 'search', 'approve', 'find', 'describe', 'design', 'assess', 'associate', 'proceed']","['abdul al', 'al', 'satam alias', 'ronald derwish', 'khaled jehani']",[],['mosque'],"['windsor ontario al', 'marrakech', 'dia', 'detroit utilities co']","['detroit', 'morocco', 'scada']",[],[],[],[],"['27 october 2004', '5 march 2004']","['the morning', 'nights']",[]
"['receive', 'sign', 'mail', 'carry', 'say', 'suffer', 'travel', 'guane']","['ramon', 'cartagena columbia', 'victoria tx']",[],[],['around victoria tx'],"['houston', 'texas', 'guane cuba', 'chetumal mexico', 'piedras', 'negras mexico']",[],[],[],[],['1 december 2004'],[],[]
"['receive', 'sign', 'have', 'mail', 'send', 'say', 'bring', 'travel', 'guane', 'close']","['juan', 'cartagena columbia', 'victoria tx']",[],[],['fmd'],"['houston field', 'guane cuba', 'ciudad madero mexico', 'ciudad', 'acuna mexico']",[],[],[],[],['3 december 2004'],[],[]
"['track', 'note', 'post', 'call', 'claim', 'keep', 'identify', 'follow', 'tell', 'know', 'get', 'steal', 'go']",[],[],[],[],['us'],[],[],[],[],"['6 december 2004', '1 december 2004']",[],[]
"['report', 'make', 'say', 'book', 'leave', 'return', 'hold', 'take']","['muhammed dandani', 'dandani']",[],[],[],"['miami', 'nassau', 'bahamas']",[],[],[],[],"['29 november 2004', 'just a month', '15 november 2004', '21 november 2004', '13 december 2004', '19 december 2004', '20 september 2004']",[],[]
"['make', 'see', 'be', 'obtain', 'report', 'name', 'book', 'vike', 'leave', 'return', 'arrive', 'follow', 'have']","['wali shakur', 'al midhar']",['norwegian'],[],"['fbi', 'mamoun zammar']","['new york city', 'baltimore', 'nassau', 'bahamas']","['nyc', 'caribbean']",[],[],[],"['13 december 2004', '20 september 2004', '14 november 2004', '21 november 2004', '12 december 2004', '19 december 2004', '18 december 2004', '21 september 2004', '7 november 2004', '17 december 2004']",[],[]
"['apprehend', 'say', 'become', 'present', 'register', 'have', 'seem', 'list', 'allow', 'stay', 'make', 'inform', 'verify', 'be', 'interview', 'steal', 'cross', 'pass', 'hold', 'question', 'reveal', 'write', 'include']",['mike sanders'],[],[],['motel'],"['carrizo', 'texas', 'fannin st', 'laredo', 'piedras']",[],[],[],[],"['3 august 2004', '2 august 2004']",[],[]
"['perform', 'send', 'name', 'address', 'state', 'contain', 'have', 'estimate', 'result', 'pursue', 'reseal', 'deliver']","['pieter dopple', 'hijazi']",['usps'],[],"['hoveniersstraat', 'antwerp belgium', 'newark nj', 'fbi']",[],[],[],[],[],['1212 lyons ave'],[],[]
"['bear', 'capture', 'enter', 'go', 'provide', 'talibanal', 'say', 'have']","['abdul ahmed nasser', 'baglan']","['saudi', 'russians', 'american']",[],['abba'],['chechnya'],[],[],[],[],"['october 1967', '3 february 04', '1997']",[],[]
"['call', 'say', 'capture', 'come', 'go', 'ask', 'chitral', 'stay', 'know', 'seek', 'name', 'run', 'plan']","['kamal abdullah', 'pakistan abdullah', 'abdullah', 'ali', 'talat rushdi']","['jordanian', 'egyptian', 'saudi', 'americans']",[],['al qaeda'],"['asadabad', 'afghanistan', 'pakistan', 'omar']",['the khost area'],[],[],[],"['1 february 2004', '2000', 'december 2003']",[],[]
"['name', 'capture', 'carry', 'examine', 'find', 'contain', 'regard', 'control', 'obtain', 'train']","['khaled jehani', 'jehani', 'abu somad', 'yazid bafaba', 'abdul al']","['saudi', 'canadian', 'american']",['ma degree'],['the university of maryland'],"['usa', 'los angeles', 'canada', 'detroit']",[],[],[],[],"['16 february 2004', '1995', '1997']",[],[]
"['name', 'arrest', 'charge', 'attempt', 'sell', 'represent', 'call', 'reveal', 'carry', 'read']","['igor kolokov', 'kirov', 'kolokov']","['russian', 'egyptian']",[],['the soviet institute vector'],"['cairo', 'moscow', 'strizi', 'russia', 'h', 'peshawar']",['the middle east'],[],[],[],['29 january 2003'],[],[]
"['wound', 'send', 'train']","['david loiseau canadian', 'raeed beandali', 'al khaldun', 'fahd khadr canadian']",['american'],[],[],"['toronto', 'gizab', 'qalat', 'london']",[],[],[],[],"['march 2002', '26 november 2002', '12 december 2002', '23 october 2000']",[],[]
"['move', 'work', 'associate', 'photograph', 'identify', 'know', 'conduct']","['cesar arze', 'arze', 'lopez']","['dominican', 'cuban']",[],[],"['havana cuba', 'santo domingo', 'santo', 'bogota columbia', 'lopez']","['central america', 'caribbean']",[],[],[],"['1992', '23 january 2003']",[],['77 avenue francis santo']
"['report', 'observe', 'know', 'discuss', 'recognize', 'say', 'believe', 'work', 'state', 'visit', 'arrange', 'need', 'supply', 'sell', 'distribute']",['jose escalante'],"['cubans', 'cuban', 'central american']",['calamar'],[],"['havana', 'columbia', 'ecuador', 'peru']",['caribbean'],[],[],[],"['3 march 2003', '1991']",[],[]
"['hold', 'bear', 'live']",['pyotr'],[],[],['the vector institute'],"['strizi', 'russia', 'moscow']",[],[],[],[],['26 december 1950'],[],[]
"['head', 'appear', 'receive', 'taha', 'record', 'specialize', 'have', 'award', 'treat']","['osama bin laden', 'khalid taha', 'fahd al badawi']","['egyptian', 'saudi']",[],"['hamid qatada', 'salman', 'al qaeda', 'jorm taloqan', 'the salang tunnel', 'university of cairo egypt']",['kashmiri'],['khost area'],[],[],[],"['2002', '22 september 2002', '2001', 'july 2000']",[],[]
"['issue', 'concern', 'name', 'have', 'occupy', 'want', 'blow', 'provide', 'learn', 'leave', 'use', 'rafiki', 'report', 'know', 'say', 'visit', 'identify', 'murad', 'mention', 'do']","['zinedine alias', 'abu hafs', 'murad']","['moroccan', 'zinedine', 'french']",['the al badr ii'],"['amercan', 'al qaeda', 'montreal canada', 'zinedine']","['paris', 'afghanistan', 'chicago', 'america']",['zakarya ziyad'],[],[],[],"['2 april 2003', 'the fall of 2001', '1997  2000', '1 april 2003']",[],[]
"['apprehend', 'wound', 'say', 'shoot', 'attempt', 'desert', 'take', 'place', 'encourage', 'talk', 'reveal', 'show', 'ask', 'identify', 'know', 'remember']","['mohamed al omari', 'omari', 'dr badawi', 'mamdouh al hazmi', 'hasham omari']","['saudi', 'pakistani', 'american']",[],"['al qaeda', 'omari']","['peshawar', 'omari', 'afghanistanpakistan border', 'afghanistan']",[],[],[],[],"['12 january 2003', '2001', '2 january 2003']",[],[]
"['report', 'trade', 'represent', 'acquire', 'identify', 'do', 'request', 'send', 'give', 'deliver', 'mark', 'have']",[],['arab'],[],['panamico ave'],"['liberia', 'panama city', 'panama']",[],[],[],[],[],[],[]
"['respond', 'name', 'give', 'leave', 'show', 'travel', 'return', 'hold', 'live', 'employ', 'work', 'mention', 'associate', 'come', 'apply', 'refuse', 'repeat', 'convict', 'incite', 'serve', 'suspend', 'reveal']","['omar mahmoud othman', 'omar hanif', 'othman', 'hanif', 'jamal al quso']",['british'],"['the baker st mosque', 'mosque', 'mi 5']",[],"['london', 'uk', 'afghanistan', 'islamabad', 'nassau', 'bahamas', 'yemen', 'chicago']",[],[],[],[],"['the period 1993  1998', 'a year', '1999', 'february of 1999', 'december 1999', '1993', '1998', '1996', 'oneyear', 'july 17 1999']",[],[]
"['suspect', 'raid', 'flee', 'leave', 'be', 'issue', 'name', 'include', 'take', 'write', 'call', 'open', 'address', 'find', 'state']","['yasir salman', 'topoff', 'f badawi']","['pakistani', 'arabic']",[],"['al qaeda', 'house', 'safrygin']","['peshawar', 'karachi']",[],[],[],[],"['15 may 2003', 'the day', '2002', 'march 10 2003']",[],[]
"['attempt', 'succeed', 'cause', 'fail', 'kill', 'believe', 'train', 'apprehend', 'mohame', 'ask', 'reveal', 'refuse', 'do', 'arrest', 'carry', 'sign', 'name', 'have', 'become', 'bring', 'work', 'make', 'report', 'keep']","['mohamed essabar', 'abdellah atmani', 'atmani']","['arabic', 'moroccan']",[],"['al qaeda', 'the holland orange shipping lines']","['casablanca', 'afghanistan']",[],[],[],[],"['16 may 2003', '18 june 2003']",[],[]
"['arrest', 'emigrate', 'form', 'destroy', 'identify', 'establish', 'bear', 'take', 'carry', 'connect', 'give', 'have', 'contain', 'locate']",['omar evertts'],"['indonesian', 'jewish', 'dutch']",[],"['voorburg', 'riduan sungkar', 'chicago il', 'bafaba', 'flaxton st culver city']","['amsterdam', 'netherlands', 'kuala lumpur', 'schiphol airport', 'los angeles']",['buckthorn st inglewood'],[],[],[],"['20 june 2003', 'the mid 1990s', '1974', '23 june 2003']",[],[]
"['request', 'reveal', 'run', 'deal', 'know', 'locate', 'travel', 'associate', 'appear', 'support', 'do']","['ramundo ortiz', 'ortiz']",[],[],[],"['panama city', 'havana cuba', 'iran', 'pakistan']","['south america', 'africa', 'the middle east']",[],[],[],[],[],[]
"['volunteer', 'provide', 'happen', 'say', 'know', 'go', 'chitral', 'ask', 'find', 'slit']",[],['pakistani'],[],['al qaeda'],['peshawar'],[],[],[],[],"['15 july 2003', '17 july']",[],[]
"['base', 'solicit', 'regard', 'live', 'use', 'arrive', 'hold', 'suspect', 'work', 'get', 'travel', 'serve']",['ronald'],"['saudi', 'canadian', 'canadian eastern']",[],"['tecumseh rd', 'windsor ontario', 'hezbollah', 'derwish', 'canada eastern airlines', 'chicago il']","['rcmp', 'canada', 'detroit', 'michigan', 'newark', 'columbus', 'ohio']",[],[],[],[],"['1 july 2003', '1992']",[],[]
"['base', 'report', 'request', 'name', 'have', 'believe', 'work', 'travel', 'return', 'see', 'say', 'live']","['bugarov', 'pyotr', 'a boris bugarov', 'kalinin']","['russian', 'cuban']",[],"['nsa', 'the vector institute']","['moscow', 'havana cuba', 'russia', 'cuba', 'havana']",[],[],[],[],"['12 september 2003', 'between the years 1986 and 1990 in 1990']",[],[]
"['request', 'mention', 'report', 'believe', 'bear', 'record', 'live']",['muslih odeh'],"['saudi', 'british']",[],[],"['jeddah', 'saudi arabia', 'riyadh']",[],[],['mi 6'],[],"['15 september 2003', '1967', '1998']",[],[]
"['identify', 'take', 'mention', 'know', 'associate', 'obtain', 'reveal', 'kill']",['al hazmi'],"['saudi', 'american']",[],"['cia', 'al qaeda']","['peshawar', 'afghanistan']",[],[],[],[],"['2 january 2003', '20 april 2003', '12 march 2003']",[],[]
"['pay', 'say', 'treat', 'ask', 'know', 'reply', 'tell']",['a dr badawi'],[],[],[],[],[],[],[],[],['about 2 october 2003'],[],[]
"['regard', 'register', 'check']","['carlos araneda', 'jose escalante', 'b bugarov', 'arnoldo ramirez']","['cubans', 'moroccan']",['sahara atlantic'],"['san cristobal cuba', 'sahara atlantic']","['casablanca', 'havana cuba']",[],[],[],[],"['19 october 2003', '22 october 2003', '21 october 2003', '23 october 2003', '18 october 2003']",[],[]
"['regard', 'register', 'awad']","['ali talib karachi', 'omar al banna', 'ali mishal', 'abdel noufal', 'ahmad miner', 'karachi 19', 'salman karachi']",[],[],"['moroccan oasis', 'karachi 21', 'mahfouz', 'sahara atlantic hotel', 'jamat syeed', 'moroccan sands hotel shukri azzam hyderabad', 'peshawar22']","['pakistan', 'abu', 'nadia', 'hyderabad']",[],[],[],[],"['october 2003', 'october', 'peshawar 21  ', 'peshawar 22  ', '24 october', 'peshawar 22  23 october', '21 october', '23 october']",[],[]
"['regard', 'see', 'list', 'morale', 'reveal', 'apply', 'grant', 'show', 'bear', 'take', 'drive', 'say', 'overhear', 'speak', 'call', 'use']","['san martin', 'carlos']",['arabic'],[],"['santo domingo', 'nsa']","['dominican republic', 'buenos', 'argentina']",[],[],[],[],"['1 november 2003', '2000', 'february of 2001', '4 march 1970']",[],[]
"['reveal', 'travel', 'return', 'photograph', 'come', 'provide', 'identify']",['omar hanif'],[],[],[],"['nassau', 'bahamas', 'cairo egypt', 'cairo']",[],[],[],[],"['20 december 2003', '25 december 2003']",[],[]
"['reveal', 'send', 'hold']","['ramundo ortiz', 'jose escalante']",['cuban'],[],[],"['panama city', 'havana cuba']",[],[],[],[],['27 january 2004'],[],[]
"['continue', 'take', 'board', 'arrive', 'connect', 'return', 'stay']","['omar hanif', 'hanif']",['pakistani'],[],"['karachi pakistan', 'karachi hanif']","['nassau', 'bahamas', 'miami fl', 'london']",[],[],[],[],"['4 february 2004', '5 february', '7 february']",[],[]
"['request', 'name', 'report', 'work', 'say', 'leave', 'know', 'travel']",['ali'],['malaysian'],[],[],"['caracas venezuela', 'cuba']",['caribbean'],['caribbean'],[],[],[],[],[]
"['surround', 'have', 'dutch', 'deliver', 'make']","['savannah ga', 'norfolk va']",['dutch'],[],"['holland orange shipping', 'the orange queen services', 'the dutch courage services ports']","['casablanca', 'miami fl', 'caracas venezuela', 'the dominican republic', 'venezuela']",[],[],[],[],[],[],[]
"['report', 'find', 'have', 'slaughter', 'declare']",[],[],[],['the itartass news agency'],"['blagoveshchensk', 'the amur region']",[],[],[],[],['15 april 2004'],[],[]
"['track', 'photograph', 'identify', 'name', 'know', 'receive', 'suspect', 'see', 'overhear', 'speak', 'report', 'be', 'forge']","['cesar arze', 'carlos morales', 'jose escalante', 'arze', 'carlos']","['cuban', 'arabic', 'islamic']",[],"['santo domingo', 'cia']","['santo domingo', 'havana', 'cuba', 'buenos', 'argentina']",[],[],[],[],"['2004', '1992  1993', 'february 2003', '15 november 2003']",[],[]
"['provide', 'gather', 'bear', 'train', 'appear', 'join', 'become', 'develop', 'believe', 'work', 'say', 'go', 'return', 'report', 'divorce', 'travel', 'know', 'have']","['boris bugarov', 'bugarov']",['russian'],[],[],"['moscow', 'india1', 'cuba']","['europe', 'the middle east', 'south america']",[],[],[],"['1950', 'around 1986', '1992', '1993']",[],[]
"['provide', 'regard', 'see', 'report', 'be', 'have', 'know', 'employ']","['muslih odeh', 'odehs']","['british', 'saudi']",['mi 5'],['cia'],['bahamas'],[],[],['mi 5'],[],['25 september 2003'],[],[]
"['issue', 'regard', 'know', 'run', 'see', 'translate', 'obtain', 'reveal', 'name']","['abdul nasser', 'ali', 'abdul ahmed nasser', 'al khuldan', 'ali al omari']",['saudi'],[],"['fbi', 'dia']",['afghanistan'],['the khost area'],[],[],[],"['1999  2001', '12 february 2004', 'february of 2000']",[],[]
"['happen', 'work', 'say', 'drive', 'meet', 'give', 'contain', 'receive', 'mark', 'tell', 'sell']",['pyotr'],['russian'],[],['safrygin'],"['moscow', 'russia']",['africa'],[],[],[],['1 september'],[],[]
"['obtain', 'learn', 'confirm', 'say', 'appear', 'type']",['columbia cdc'],[],[],['cdc'],['bucaramanga'],[],[],[],[],[],[],[]
"['sizov', 'teach', 'ask', 'tell', 'say', 'know', 'meet', 'take', 'regard', 'stay', 'enjoy', 'make', 'show', 'plan', 'marry', 'travel', 'have', 'help', 'guess', 'involve', 'notice', 'wear']","['grigory sizov', 'boris bugarov', 'bugarov regards castro', 'bugarov']","['soviet', 'cuban']",[],[],"['cuba', 'moscow', 'havana', 'soviet union sizov']",[],[],[],[],['2002'],[],[]
"['note', 'agree', 'keep', 'report', 'prompt', 'kill', 'identify', 'know', 'seem', 'carry', 'contain', 'include', 'make', 'destroy', 'address', 'read', 'provide', 'need', 'finish', 'send']","['abdul jabarah', 'kuwaiti', 'fahd jehani', 'ramzi al']","['pakistani', 'saudi', 'yemeni']",[],"['cia', 'al qaeda jehani']","['karachi', 'pakistan']",[],[],[],[],"['13 february 2004', '17 september 2004', '5 september 2004', '1 october 2004', 'ten days']",[],[]
"['provide', 'name', 'know', 'live', 'work', 'make', 'have']","['ali', 'omar hanif']",['malaysian'],[],['santo domingo sufaat'],"['nassau', 'bahamas']",[],[],[],[],[],[],[]
"['employ', 'assign', 'keep', 'say', 'have', 'wear', 'give', 'wrap', 'mark', 'tell', 'observe', 'place', 'see', 'send']","['abdellah atmani', 'atmani']","['russian', 'dutch', 'dominican']",[],"['the holland orange shipping lines', 'central russia airlines', 'holland orange', 'santo domingo']",['casablanca'],[],[],[],[],"['5 october 2004', 'later the same day']",[],[]
"['say', 'overhear', 'regard', 'mention', 'work', 'go', 'become', 'attach', 'add', 'watch', 'grow', 'leave', 'kill', 'fight', 'return', 'hear', 'take']",['al ghamdi'],"['american', 'spanish']",[],['al qaeda'],"['riyadh', 'saudi arabia', 'afghanistan', 'santo domingo']",[],[],[],[],['1970'],[],[]
"['request', 'report', 'see', 'ask', 'recognize', 'receive', 'mark', 'say', 'learn', 'own']",['pyotr'],[],[],"['cia', 'safrygin']",[],[],[],[],[],"['2 november 2004', '1 september 2004', '15 september 2004']",[],[]
"['assign', 'cover', 'report', 'follow', 'take', 'call', 'carry', 'say', 'think', 'translate', 'give', 'name', 'place', 'drive']","['omar hanif', 'muslih odeh']",['russian'],['the bahamas hanif'],[],['nassau'],[],[],[],[],['1 december 2004'],[],[]
"['receive', 'follow', 'meet', 'depart', 'vike', 'say', 'take']","['omar hanif', 'hanif']",[],[],[],['nassau'],[],[],[],[],"['yesterday', '15 december 2004']",[],[]
